Unnamed: 0,ServiceNo,Operator,Direction,Category,OriginCode,DestinationCode,AM_Peak_Freq,AM_Offpeak_Freq,PM_Peak_Freq,PM_Offpeak_Freq,LoopDesc
0,118,GAS,1,TRUNK,65009.0,97009.0,06-08,08-15,10-12,11-15,No Loop
1,118,GAS,2,TRUNK,97009.0,65009.0,10,10-12,05-11,10-15,No Loop
2,118A,GAS,1,TRUNK,65199.0,96119.0,14-16,-,-,-,No Loop
3,118B,GAS,1,TRUNK,96111.0,65191.0,-,-,30,-,No Loop
4,119,GAS,1,TRUNK,65009.0,65009.0,16-08,18-12,17-12,15-17,Hougang St 21
5,12,GAS,1,TRUNK,77009.0,10499.0,9,09-14,9-10,11-13,No Loop
6,12,GAS,2,TRUNK,10499.0,77009.0,10,08-15,08-14,10-14,No Loop
7,12e,GAS,1,EXPRESS,77009.0,10499.0,20-30,30,20-30,20-30,No Loop
8,12e,GAS,2,EXPRESS,10499.0,77009.0,20-30,20-30,20-30,20-30,No Loop
9,136,GAS,1,TRUNK,54009.0,65009.0,09-13,10-13,10-15,15-19,No Loop
10,136,GAS,2,TRUNK,65009.0,54009.0,08-15,11-16,10-11,17-20,No Loop
11,15,GAS,1,TRUNK,77009.0,77009.0,04-09,03-13,07-15,13-16,Marine Parade Rd
12,15A,GAS,1,TRUNK,77009.0,83109.0,09-17,110,-,-,Marine Parade Rd
13,17,GAS,1,TRUNK,77009.0,84009.0,8-11,10-12,10-11,11-15,No Loop
14,17,GAS,2,TRUNK,84009.0,77009.0,5-11,5-12,5-12,5-12,No Loop
15,17A,GAS,1,TRUNK,84009.0,84591.0,04-22,10-46,10-22,22-24,Bedok Nth Dr
16,2,GAS,1,TRUNK,99009.0,10499.0,10,09-16,09-18,14-18,No Loop
17,2,GAS,2,TRUNK,10499.0,99009.0,8-12,09-17,9-12,12-18,No Loop
18,2A,GAS,1,TRUNK,10499.0,85091.0,18-26,-,17-20,-,No Loop
19,3,GAS,1,TRUNK,75009.0,65009.0,7-11,09-14,8-09,12-14,No Loop
20,3,GAS,2,TRUNK,65009.0,75009.0,8-10,09-15,9-12,12-17,No Loop
21,34,GAS,1,TRUNK,65009.0,65009.0,04-09,05-14,09-13,12-14,PTB2 Basement
22,34A,GAS,1,TRUNK,65009.0,76059.0,18-44,26-39,00-00,00-00,PTB2 Basement
23,34B,GAS,1,TRUNK,75359.0,75351.0,4-09,04-15,09-13,11-14,No Loop
24,354,GAS,1,FEEDER,77009.0,77009.0,06-08,07-09,07-08,08-15,Jln Loyang Besar
25,358,GAS,1,TOWNLINK,77009.0,77009.0,05-07,07-08,05-07,05-10,Pasir Ris Dr 4
26,359,GAS,1,TOWNLINK,77009.0,77009.0,05-08,07-10,05-08,05-13,Pasir Ris St 11
27,36,GAS,1,TRUNK,95129.0,95129.0,08,08-11,08-10,08-12,Tomlinson Rd
28,36A,GAS,1,TRUNK,95129.0,9191.0,-,-,-,11-12,Tomlinson Rd
29,36B,GAS,1,TRUNK,93049.0,93199.0,08-08,09-283,09-09,-,Tomlinson Rd
30,381,GAS,1,FEEDER,65009.0,65009.0,10-12,10-12,10-12,10-15,Punggol East
31,382G,GAS,1,FEEDER,65009.0,65009.0,08-10,08-10,08-10,08-12,Sumang Walk
32,382W,GAS,1,FEEDER,65009.0,65009.0,08-10,08-10,08-10,08-12,Sumang Walk
33,386,GAS,1,FEEDER,65009.0,65009.0,07-11,15-10,07-11,15-07,Punggol Ctrl
34,386A,GAS,1,FEEDER,65009.0,65371.0,0-0,0-0,22-40,25-30,No Loop
35,3A,GAS,1,TRUNK,75009.0,77331.0,00-00,12-75,8-37,12-124,No Loop
36,3B,GAS,1,TRUNK,77289.0,77009.0,15-16,00-00,00-00,00-00,No Loop
37,403,GAS,1,TRUNK,77009.0,77009.0,09-13,13-19,14-19,14-15,Pasir Ris Rd
38,43,GAS,1,TRUNK,65009.0,94009.0,09,08-16,13-16,15-16,No Loop
39,43,GAS,2,TRUNK,94009.0,65009.0,14,10-17,10-17,13-18,No Loop
40,43M,GAS,1,TRUNK,65009.0,65009.0,07-10,08-17,04-15,13-16,S'goon Ctrl
41,518,GAS,1,EXPRESS,77009.0,77009.0,17-20,15-20,15-20,13-20,Bayfront Ave
42,518A,GAS,1,EXPRESS,77009.0,3519.0,30,-,-,-,No Loop
43,6,GAS,1,TRUNK,77009.0,77009.0,07-08,07-17,07-08,08,Loyang Cres
44,62,GAS,1,TRUNK,65009.0,65009.0,08-09,17-08,14-08,17-12,Sims Ave
45,62A,GAS,1,TRUNK,65009.0,81089.0,00-00,00-00,28,28,Sims Ave
46,661,GAS,1,EXPRESS,78111.0,3391.0,20,-,-,-,No Loop
47,661,GAS,2,EXPRESS,3539.0,78119.0,15,-,-,-,No Loop
48,68,GAS,1,TRUNK,77009.0,77009.0,15,15,15,15,Tampines Ctrl 1
49,82,GAS,1,TRUNK,65009.0,65009.0,13-15,15-12,17-12,14-18,S'goon Ctrl
50,83,GAS,1,TRUNK,65009.0,65009.0,10-13,09-14,10-10,12-16,Sengkang Sq
51,84,GAS,1,TRUNK,65009.0,65009.0,10,10,10,10-15,Punggol Rd
52,85,GAS,1,TRUNK,65009.0,59009.0,10-16,10-16,10,11-18,No Loop
53,85,GAS,2,TRUNK,59009.0,65009.0,10-15,10-16,10,16-18,No Loop
54,85A,GAS,1,TRUNK,59009.0,67441.0,10-14,10-15,9-10,11-18,No Loop
55,10,SBST,1,TRUNK,75009.0,16009.0,08-09,06-17,10-15,11-18,No Loop
56,10,SBST,2,TRUNK,16009.0,75009.0,10-11,10-16,09-13,12-20,No Loop
57,100,SBST,1,TRUNK,66009.0,11009.0,06-12,07-17,06-15,12-24,No Loop
58,100,SBST,2,TRUNK,11009.0,66009.0,06-09,06-13,08-13,13-15,No Loop
59,100A,SBST,1,TRUNK,66009.0,81089.0,16-36,-,15-26,20-20,No Loop
60,101,SBST,1,TRUNK,66009.0,66009.0,08-09,07-13,08-09,08-14,Buangkok Link
61,102,SBST,1,TRUNK,64009.0,64009.0,10-11,10-13,11-12,11-15,Seletar Aerospace Avenue
62,103,SBST,1,TRUNK,66009.0,59009.0,08-11,09-15,10-12,10-15,No Loop
63,103,SBST,2,TRUNK,59009.0,66009.0,09-11,09-16,10-10,14-17,No Loop
64,105,SBST,1,TRUNK,66009.0,28009.0,08-11,07-15,09-16,11-16,No Loop
65,105,SBST,2,TRUNK,28009.0,66009.0,07-15,08-15,09-14,12-14,No Loop
66,105B,SBST,1,TRUNK,28009.0,17179.0,14-14,-,-,-,No Loop
67,107,SBST,1,TRUNK,64009.0,3239.0,07-10,09-17,09-17,17-17,No Loop
68,107,SBST,2,TRUNK,3239.0,64009.0,13-15,09-16,09-10,09-10,No Loop
69,107M,SBST,1,TRUNK,64009.0,64009.0,14-15,09-17,13-16,13-14,Raffles Blvd
70,109,SBST,1,TRUNK,66009.0,99009.0,9-15,08-17,08-20,11-15,No Loop
71,109,SBST,2,TRUNK,99009.0,66009.0,10-15,09-17,10-13,13-19,No Loop
72,109A,SBST,1,TRUNK,66009.0,64611.0,-,-,28-28,15-26,No Loop
73,10e,SBST,1,EXPRESS,85049.0,3217.0,10-14,-,-,-,No Loop
74,10e,SBST,2,EXPRESS,3222.0,85041.0,-,-,10-10,-,No Loop
75,11,SBST,1,TRUNK,80009.0,80009.0,15-17,15-19,15-19,15-18,Rhu Cross
76,111,SBST,1,TRUNK,11009.0,11009.0,9-10,9-14,11-11,10-14,Temasek Ave
77,112,SBST,1,TRUNK,64009.0,64009.0,10-13,10-14,10-13,12-15,Hougang St 92
78,112A,SBST,1,TRUNK,64009.0,63031.0,-,-,-,15-15,No Loop
79,113,SBST,1,TRUNK,64009.0,64009.0,14-15,11-18,16-18,11-17,Upp Paya Lebar Rd
80,113A,SBST,1,TRUNK,63039.0,63031.0,-,-,16-21,-,Upp Paya Lebar Rd
81,115,SBST,1,TRUNK,63221.0,63221.0,31-31,29-50,32-32,-,Hougang Ave 3
82,116,SBST,1,TRUNK,64009.0,64009.0,09-10,10-14,10-10,10-14,S'goon Ctrl
83,117,SBST,1,TRUNK,65009.0,58009.0,12-12,12-15,13-13,14-15,No Loop
84,117,SBST,2,TRUNK,58009.0,65009.0,12-13,13-15,14-15,14-15,No Loop
85,117A,SBST,1,TRUNK,59479.0,59041.0,13-13,-,-,-,No Loop
86,117B,SBST,1,TRUNK,58009.0,59073.0,-,-,-,-,No Loop
87,120,SBST,1,TRUNK,10499.0,10499.0,11-12,12-15,12-13,12-16,Telok Blangah Hts
88,121,SBST,1,TRUNK,10499.0,10499.0,10-10,10-13,10-12,10-12,Telok Blangah Rise
89,122,SBST,1,TRUNK,10499.0,10499.0,11-13,12-16,13-17,13-17,C'wealth Dr
90,123,SBST,1,TRUNK,10009.0,14539.0,10-13,12-15,12-16,14-16,No Loop
91,123,SBST,2,TRUNK,14539.0,10009.0,11-11,11-15,12-15,14-15,No Loop
92,123M,SBST,1,TRUNK,14009.0,14009.0,10-14,10-20,12-15,14-15,Tiong Bahru Rd
93,124,SBST,1,TRUNK,52499.0,14009.0,06-08,06-10,06-08,06-10,No Loop
94,124,SBST,2,TRUNK,14009.0,52499.0,05-09,05-10,05-09,07-11,No Loop
95,125,SBST,1,TRUNK,52499.0,52499.0,11-12,9-18,9-17,15-18,Sims Dr
96,125A,SBST,1,TRUNK,81081.0,60219.0,07-13,-,-,-,No Loop
97,127,SBST,1,TRUNK,75009.0,75009.0,10-10,15-20,10-15,10-20,Tampines Ind Ave 5
98,127A,SBST,1,TRUNK,75009.0,75281.0,-,-,-,19-19,No Loop
99,128,SBST,1,TRUNK,55009.0,3239.0,15-15,-,-,-,No Loop
100,128,SBST,2,TRUNK,3239.0,55009.0,-,-,15-15,-,No Loop
101,129,SBST,1,TRUNK,75019.0,52499.0,12-12,15-15,12-15,12-15,No Loop
102,129,SBST,2,TRUNK,52499.0,75019.0,12-12,15-15,12-15,12-15,No Loop
103,13,SBST,1,TRUNK,55509.0,94009.0,09-11,08-13,10-14,13-17,No Loop
104,13,SBST,2,TRUNK,94009.0,55509.0,10-13,08-14,08-11,11-19,No Loop
105,130,SBST,1,TRUNK,54009.0,3239.0,08-10,10-14,10-16,14-16,No Loop
106,130,SBST,2,TRUNK,3239.0,54009.0,12-14,10-14,10-14,13-15,No Loop
107,130A,SBST,1,TRUNK,54009.0,53189.0,10-22,10-42,-,-,No Loop
108,131,SBST,1,TRUNK,52499.0,10009.0,07-11,09-14,09-10,10-14,No Loop
109,131,SBST,2,TRUNK,10009.0,52499.0,09-10,09-14,09-10,10-13,No Loop
110,131A,SBST,1,TRUNK,52499.0,3217.0,21-21,-,-,-,No Loop
111,131M,SBST,1,TRUNK,10009.0,10009.0,27-33,29-29,24-33,33-33,Bt Purmei Ave
112,132,SBST,1,TRUNK,64009.0,10009.0,09-16,08-19,13-19,13-19,No Loop
113,132,SBST,2,TRUNK,10009.0,64009.0,11-15,10-19,07-14,15-16,No Loop
114,133,SBST,1,TRUNK,54009.0,3239.0,08-09,09-12,09-12,10-12,No Loop
115,133,SBST,2,TRUNK,3239.0,54009.0,11-12,08-11,08-09,10-11,No Loop
116,134,SBST,1,TRUNK,80289.0,80289.0,10-10,10-12,12-12,11-12,Marine Terr
117,135,SBST,1,TRUNK,54009.0,54009.0,10-11,09-14,11-17,12-15,Siglap Rd
118,135A,SBST,1,TRUNK,54009.0,93201.0,-,-,-,14-14,Siglap Rd
119,137,SBST,1,TRUNK,80289.0,94009.0,15-15,15-15,15-15,15-15,No Loop
120,137,SBST,2,TRUNK,94009.0,80289.0,15-15,15-15,15-15,15-15,No Loop
121,137A,SBST,1,TRUNK,84031.0,84451.0,15-19,-,-,-,No Loop
122,138,SBST,1,TRUNK,54009.0,54009.0,10-11,08-11,08-11,08-12,Mandai Lake Rd
123,138A,SBST,1,TRUNK,54009.0,48131.0,-,13-14,-,-,Mandai Lake Rd
124,138B,SBST,1,TRUNK,54009.0,55121.0,-,-,22-22,14-24,No Loop
125,139,SBST,1,TRUNK,52009.0,10009.0,08-10,10-15,10-13,13-17,No Loop
126,139,SBST,2,TRUNK,10009.0,52009.0,10-12,09-16,10-13,12-17,No Loop
127,139M,SBST,1,TRUNK,52009.0,52009.0,10-19,12-20,10-20,12-18,Jln Bahagia
128,13A,SBST,1,TRUNK,54019.0,53231.0,10-19,11-19,-,-,No Loop
129,14,SBST,1,TRUNK,84009.0,17009.0,09-12,07-16,14-15,10-19,No Loop
130,14,SBST,2,TRUNK,17009.0,84009.0,12-14,09-16,10-12,13-17,No Loop
131,140,SBST,1,TRUNK,80009.0,80009.0,14-14,14-15,14-15,14-15,St. Wilfred Rd
132,141,SBST,1,TRUNK,80009.0,52009.0,11-13,13-15,14-15,13-15,No Loop
133,141,SBST,2,TRUNK,52009.0,80009.0,10-12,12-15,11-15,13-15,No Loop
134,142,SBST,1,TRUNK,52009.0,52009.0,08-09,07-10,08-08,08-11,Potong Pasir Ave 1
135,142A,SBST,1,TRUNK,52009.0,60209.0,-,-,-,-,Potong Pasir Ave 1
136,145,SBST,1,TRUNK,52009.0,11379.0,06-08,06-14,09-11,11-14,No Loop
137,145,SBST,2,TRUNK,11379.0,52009.0,07-09,06-11,06-10,12-14,No Loop
138,145A,SBST,1,TRUNK,10209.0,14249.0,09-24,12-26,-,-,No Loop
139,147,SBST,1,TRUNK,64009.0,17009.0,06-11,06-18,09-13,07-13,No Loop
140,147,SBST,2,TRUNK,17009.0,64009.0,07-10,08-14,07-10,09-11,No Loop
141,147A,SBST,1,TRUNK,64009.0,5019.0,17-23,15-51,-,-,No Loop
142,147e,SBST,1,EXPRESS,4239.0,17009.0,20-20,20-30,20-30,20-30,No Loop
143,147e,SBST,2,EXPRESS,17009.0,4222.0,20-30,20-30,20-20,20-30,No Loop
144,14A,SBST,1,TRUNK,84009.0,9059.0,18-18,14-24,-,-,No Loop
145,14e,SBST,1,EXPRESS,84211.0,9048.0,12-13,-,-,-,No Loop
146,14e,SBST,2,EXPRESS,9048.0,84219.0,-,-,12-12,-,No Loop
147,150,SBST,1,TRUNK,82009.0,82009.0,12-12,13-15,12-13,14-15,Marine Terr
148,151,SBST,1,TRUNK,64009.0,16009.0,06-12,06-15,08-10,14-17,No Loop
149,151,SBST,2,TRUNK,16009.0,64009.0,07-13,07-17,08-09,10-20,No Loop
150,151e,SBST,1,EXPRESS,64009.0,16009.0,15-15,-,-,-,No Loop
151,151e,SBST,2,EXPRESS,16009.0,64009.0,-,-,15-15,-,No Loop
152,153,SBST,1,TRUNK,10009.0,64009.0,10-14,10-16,9-11,15-16,No Loop
153,153,SBST,2,TRUNK,64009.0,10009.0,10-14,8-15,9-18,15-19,No Loop
154,154,SBST,1,TRUNK,22009.0,82009.0,05-10,07-19,06-16,09-19,No Loop
155,154,SBST,2,TRUNK,82009.0,22009.0,09-13,06-14,06-11,08-15,No Loop
156,154A,SBST,1,TRUNK,21551.0,28091.0,22-25,-,-,-,No Loop
157,154B,SBST,1,TRUNK,22009.0,12101.0,08-42,-,-,-,No Loop
158,155,SBST,1,TRUNK,52009.0,84009.0,10-15,09-16,15-17,14-17,No Loop
159,155,SBST,2,TRUNK,84009.0,52009.0,10-12,10-18,10-17,16-17,No Loop
160,156,SBST,1,TRUNK,67009.0,17009.0,09-17,09-17,11-15,15-19,No Loop
161,156,SBST,2,TRUNK,17009.0,67009.0,11-14,09-17,10-14,15-17,No Loop
162,157,SBST,1,TRUNK,52009.0,22009.0,08-14,07-15,08-10,11-15,No Loop
163,157,SBST,2,TRUNK,22009.0,52009.0,09-11,07-15,08-12,11-17,No Loop
164,158,SBST,1,TRUNK,66009.0,66009.0,11-13,10-16,13-14,13-17,Rhu Cross
165,158A,SBST,1,TRUNK,81089.0,81081.0,24-27,-,-,-,Rhu Cross
166,159,SBST,1,TRUNK,67009.0,52009.0,05-14,05-13,08-12,11-13,No Loop
167,159,SBST,2,TRUNK,52009.0,67009.0,08-15,05-15,09-12,10-13,No Loop
168,159A,SBST,1,TRUNK,67009.0,54399.0,12-25,15-15,-,-,No Loop
169,159B,SBST,1,TRUNK,54391.0,54481.0,03-55,-,-,-,No Loop
170,16,SBST,1,TRUNK,84009.0,10009.0,08-09,07-13,10-12,10-12,No Loop
171,16,SBST,2,TRUNK,10009.0,84009.0,10-10,07-13,10-11,10-13,No Loop
172,160,SBST,1,TRUNK,28009.0,28009.0,15-18,12-20,14-17,15-20,Jln Jim Quee
173,160A,SBST,1,TRUNK,28009.0,43671.0,13-15,15-15,15-15,14-15,No Loop
174,161,SBST,1,TRUNK,64009.0,46009.0,5-9,6-11,7-9,9-13,No Loop
175,161,SBST,2,TRUNK,46009.0,64009.0,5-10,6-10,6-10,8-12,No Loop
176,162,SBST,1,TRUNK,55509.0,3239.0,10-11,09-15,09-10,-,No Loop
177,162,SBST,2,TRUNK,3239.0,55509.0,14-15,08-15,12-19,19-19,No Loop
178,162M,SBST,1,TRUNK,55509.0,55509.0,11-13,12-15,14-15,14-15,Temasek Ave
179,163,SBST,1,TRUNK,67009.0,52009.0,09-12,09-16,10-17,14-18,No Loop
180,163,SBST,2,TRUNK,52009.0,67009.0,10-15,07-18,07-15,10-17,No Loop
181,163A,SBST,1,TRUNK,67009.0,67651.0,-,-,-,16-17,No Loop
182,165,SBST,1,TRUNK,64009.0,17009.0,08-14,09-17,10-11,13-17,No Loop
183,165,SBST,2,TRUNK,17009.0,64009.0,10-12,09-14,09-15,12-15,No Loop
184,166,SBST,1,TRUNK,54009.0,17009.0,08-10,08-19,09-13,13-19,No Loop
185,166,SBST,2,TRUNK,17009.0,54009.0,09-11,06-16,10-18,13-19,No Loop
186,168,SBST,1,TRUNK,84009.0,46009.0,5-9,6-11,6-11,10-13,No Loop
187,168,SBST,2,TRUNK,46009.0,84009.0,5-7,6-12,6-9,8-12,No Loop
188,170,SBST,1,TRUNK,1109.0,46239.0,12-18,13-20,18-19,12-15,No Loop
189,170,SBST,2,TRUNK,46239.0,1109.0,14-15,13-18,17-18,13-18,No Loop
190,170A,SBST,1,TRUNK,1109.0,46069.0,19-21,16-28,20-21,15-21,No Loop
191,170X,SBST,1,TRUNK,45131.0,47711.0,04-09,05-17,05-09,07-11,No Loop
192,170X,SBST,2,TRUNK,47711.0,45139.0,06-10,05-17,05-09,07-11,No Loop
193,174,SBST,1,TRUNK,22009.0,10499.0,09-10,05-14,12-19,12-19,No Loop
194,174,SBST,2,TRUNK,10499.0,22009.0,14-15,08-14,12-15,14-16,No Loop
195,174e,SBST,1,EXPRESS,22009.0,10499.0,13-13,-,-,-,No Loop
196,174e,SBST,2,EXPRESS,10499.0,22009.0,-,-,13-14,-,No Loop
197,175,SBST,1,TRUNK,17009.0,80009.0,11-15,10-20,15-15,17-19,No Loop
198,175,SBST,2,TRUNK,80009.0,17009.0,10-13,12-19,11-18,20-20,No Loop
199,179,SBST,1,TRUNK,22009.0,22009.0,04-08,03-06,04-06,05-07,Nanyang Dr
200,179A,SBST,1,TRUNK,22009.0,22009.0,02-07,04-08,-,-,Nanyang Dr
201,18,SBST,1,TRUNK,75019.0,75019.0,11-14,12-17,15-17,12-15,Bedok Nth Dr
202,181,SBST,1,TRUNK,22009.0,22009.0,6-8,6-10,6-8,7-12,Jurong West Ave 3
203,181M,SBST,1,TRUNK,22009.0,22009.0,06-07,-,-,-,Jurong West St 23
204,182,SBST,1,TRUNK,24009.0,24009.0,07-09,08-18,-,17-18,Tuas Sth Ave 9
205,182M,SBST,1,TRUNK,24009.0,24009.0,-,07-19,08-11,11-19,Tuas Sth Ave 9
206,185,SBST,1,TRUNK,22609.0,11389.0,10-18,11-18,12-15,13-15,No Loop
207,185,SBST,2,TRUNK,11379.0,22199.0,10-17,10-15,10-20,14-16,No Loop
208,186,SBST,1,TRUNK,3239.0,52499.0,14-17,11-19,11-14,11-17,No Loop
209,186,SBST,2,TRUNK,52499.0,3239.0,9-14,11-18,14-19,15-19,No Loop
210,19,SBST,1,TRUNK,75009.0,75009.0,06-07,06-16,06-08,08-14,Airport Cargo Rd
211,191,SBST,1,TRUNK,11379.0,11379.0,15-20,15-20,15-15,20-20,Media Circle
212,192,SBST,1,TRUNK,22009.0,25009.0,06-10,07-15,07-10,07-13,No Loop
213,192,SBST,2,TRUNK,25009.0,22009.0,08-09,07-13,05-09,13-14,No Loop
214,193,SBST,1,TRUNK,22009.0,25009.0,06-10,05-19,07-18,07-19,No Loop
215,193,SBST,2,TRUNK,25009.0,22009.0,09-18,07-19,07-09,08-18,No Loop
216,194,SBST,1,TRUNK,22009.0,22009.0,09-10,09-13,09-16,15-16,Jln Ahmad Ibrahim
217,195,SBST,1,TRUNK,2099.0,2089.0,08-13,07-23,08-17,08-16,C'wealth Ave
218,195A,SBST,1,TRUNK,2099.0,10169.0,-,23-53,-,-,C'wealth Ave
219,196,SBST,1,TRUNK,84009.0,17009.0,07-08,06-17,09-11,09-14,No Loop
220,196,SBST,2,TRUNK,17009.0,84009.0,11-14,05-15,08-13,11-13,No Loop
221,196A,SBST,1,TRUNK,84009.0,3218.0,-,-,-,-,No Loop
222,196e,SBST,1,EXPRESS,93049.0,3218.0,08-08,-,-,-,No Loop
223,196e,SBST,2,EXPRESS,3222.0,93041.0,-,-,08-08,-,No Loop
224,197,SBST,1,TRUNK,84009.0,28009.0,10-11,08-18,10-16,11-18,No Loop
225,197,SBST,2,TRUNK,28009.0,84009.0,07-16,09-18,10-15,13-15,No Loop
226,198,SBST,1,TRUNK,22009.0,10009.0,4-9,5-12,6-8,6-14,No Loop
227,198,SBST,2,TRUNK,10009.0,22009.0,4-9,5-12,5-9,9-13,No Loop
228,198A,SBST,1,TRUNK,22009.0,28459.0,-,-,09-17,08-19,No Loop
229,199,SBST,1,TRUNK,22009.0,22009.0,04-09,04-16,06-08,06-15,Nanyang Cres
230,1N,SBST,1,NIGHT SERVICE,2099.0,59561.0,-,-,-,40-40,No Loop
231,20,SBST,1,TRUNK,75009.0,75009.0,09-11,10-13,10-12,11-15,Changi Business Pk Ave 3
232,200,SBST,1,TRUNK,11379.0,11389.0,9-10,9-30,9-10,14-27,Clementi Rd
233,200A,SBST,1,TRUNK,11379.0,16009.0,-,-,-,-,Clementi Rd
234,201,SBST,1,TRUNK,16009.0,16009.0,10-12,11-15,10-14,12-15,Pandan Gdns
235,21,SBST,1,TRUNK,77009.0,52499.0,07-12,08-15,11-14,12-14,No Loop
236,21,SBST,2,TRUNK,52499.0,77009.0,09-11,08-14,09-14,12-15,No Loop
237,21A,SBST,1,TRUNK,80089.0,7231.0,-,-,05-24,-,No Loop
238,22,SBST,1,TRUNK,54009.0,75009.0,08-10,10-18,08-10,13-18,No Loop
239,22,SBST,2,TRUNK,75009.0,54009.0,09-10,09-17,09-10,10-15,No Loop
240,222,SBST,1,FEEDER,84009.0,84009.0,04-07,04-10,05-06,05-14,Chai Chee Dr
241,222A,SBST,1,FEEDER,84009.0,84039.0,26-26,-,-,-,No Loop
242,222B,SBST,1,FEEDER,84039.0,84031.0,31-45,-,35-35,46-46,Chai Chee Dr
243,225G,SBST,1,FEEDER,84009.0,84009.0,03-05,03-13,03-06,04-12,Bedok Nth St 3
244,225W,SBST,1,FEEDER,84009.0,84009.0,04-06,05-09,04-07,04-10,Bedok Nth St 3
245,228,SBST,1,FEEDER,84009.0,84009.0,8-9,8-17,8-10,9-26,Bedok Reservoir Rd
246,229,SBST,1,FEEDER,84009.0,84009.0,7-9,8-14,7-9,7-16,Bedok Sth Rd
247,23,SBST,1,TRUNK,75009.0,75009.0,06-07,05-12,06-09,08-16,Rochor Canal Rd
248,231,SBST,1,FEEDER,52009.0,52009.0,9-9,8-13,9-10,9-11,Lor 5 Toa Payoh
249,232,SBST,1,FEEDER,52009.0,52009.0,05-06,05-09,05-06,05-11,Toa Payoh East
250,235,SBST,1,FEEDER,52009.0,52009.0,6-8,7-10,7-8,7-11,Toa Payoh Rise
251,238,SBST,1,FEEDER,52009.0,52009.0,3-6,2-7,2-6,3-6,Lor 8 Toa Payoh
252,24,SBST,1,TRUNK,54009.0,54009.0,08-09,08-11,08-13,13-15,PTB2 Basement
253,240,SBST,1,FEEDER,22009.0,22009.0,7-8,6-10,6-9,8-12,Jln Ahmad Ibrahim
254,240A,SBST,1,FEEDER,21581.0,28091.0,05-14,-,-,-,No Loop
255,240M,SBST,1,TRUNK,28091.0,28099.0,18-18,-,18-18,-,Jurong West St 64
256,241,SBST,1,FEEDER,22009.0,22009.0,5-7,3-9,3-4,3-8,Jurong West St 91
257,241A,SBST,1,FEEDER,27271.0,22529.0,05-16,05-20,-,-,Jurong West St 91
258,242,SBST,1,FEEDER,22009.0,22009.0,6-7,6-10,6-9,6-10,Jurong West Ave 5
259,243G,SBST,1,FEEDER,22009.0,22009.0,05-06,03-06,04-04,04-08,Jurong West Ave 5
260,243W,SBST,1,FEEDER,22009.0,22009.0,05-08,03-07,03-05,03-10,Jurong West Ave 5
261,246,SBST,1,INDUSTRIAL,22009.0,22009.0,11-12,11-16,11-14,15-19,Boon Lay Dr
262,247,SBST,1,INDUSTRIAL,25009.0,25009.0,10-10,10-15,10-13,13-15,Tuas Bay Link
263,248,SBST,1,INDUSTRIAL,25009.0,25009.0,10-10,10-15,10-12,12-15,Tuas Sth Ave 14
264,249,SBST,1,INDUSTRIAL,22009.0,22009.0,6-9,6-18,8-10,13-26,Jln Samulun
265,25,SBST,1,TRUNK,54009.0,94009.0,05-06,05-11,05-08,12-16,No Loop
266,25,SBST,2,TRUNK,94009.0,54009.0,05-06,05-11,05-06,06-14,No Loop
267,251,SBST,1,INDUSTRIAL,22009.0,22009.0,06-07,08-18,08-11,11-18,Shipyard Rd
268,252,SBST,1,INDUSTRIAL,22009.0,22009.0,8-10,7-18,7-9,8-20,Joo Koon Rd
269,253,SBST,1,INDUSTRIAL,24009.0,24009.0,09-10,10-14,10-12,12-14,Benoi Rd
270,254,SBST,1,TRUNK,24009.0,24009.0,07-08,07-14,07-11,11-15,Tuas Ave 11
271,255,SBST,1,INDUSTRIAL,24009.0,24009.0,07-07,07-11,07-07,10-14,Gul Cres
272,257,SBST,1,INDUSTRIAL,24009.0,24009.0,6-6,6-15,6-6,6-16,Pioneer Sector 2
273,258,SBST,1,INDUSTRIAL,24009.0,24009.0,10-12,11-14,11-14,11-14,Jurong West St 64
274,26,SBST,1,TRUNK,84009.0,52009.0,08-09,08-13,08-10,08-13,No Loop
275,26,SBST,2,TRUNK,52009.0,84009.0,07-10,08-11,09-10,09-13,No Loop
276,261,SBST,1,FEEDER,54009.0,54009.0,04-05,05-07,04-06,05-09,Ang Mo Kio Ave 10
277,262,SBST,1,FEEDER,54009.0,54009.0,07-08,10-12,07-10,08-15,Ang Mo Kio Ave 2
278,265,SBST,1,FEEDER,55009.0,55009.0,05-07,05-11,05-07,07-13,Ang Mo Kio Ave 10
279,268,SBST,1,FEEDER,55009.0,55009.0,06-08,07-13,07-08,07-14,Ang Mo Kio Ave 5
280,268A,SBST,1,FEEDER,55009.0,54659.0,28-30,-,-,-,Ang Mo Kio Ave 5
281,268B,SBST,1,FEEDER,55309.0,54261.0,34-35,-,33-33,-,No Loop
282,268C,SBST,1,FEEDER,54269.0,55301.0,31-31,-,34-34,-,No Loop
283,269,SBST,1,FEEDER,54009.0,54009.0,04-06,04-08,04-06,05-14,Ang Mo Kio St 61
284,269A,SBST,1,FEEDER,54009.0,55169.0,-,19-22,16-26,11-51,Ang Mo Kio St 61
285,27,SBST,1,TRUNK,64009.0,64009.0,06-08,06-08,07-10,09-11,PTB2 Basement
286,272,SBST,1,FEEDER,10009.0,10009.0,8-10,7-16,8-12,12-16,Telok Blangah Rise
287,273,SBST,1,FEEDER,10009.0,10009.0,7-9,7-12,8-10,8-14,Henderson Rd
288,27A,SBST,1,TRUNK,67261.0,76139.0,05-12,07-08,-,-,No Loop
289,28,SBST,1,TRUNK,75009.0,52009.0,09-12,07-14,13-16,13-14,No Loop
290,28,SBST,2,TRUNK,52009.0,75009.0,09-14,07-15,07-11,12-17,No Loop
291,29,SBST,1,TRUNK,75009.0,75009.0,08-10,07-15,09-10,09-20,Changi Village Rd
292,291,SBST,1,FEEDER,75009.0,75009.0,03-05,03-09,03-06,05-12,Tampines St 81
293,292,SBST,1,FEEDER,75009.0,75009.0,08-08,09-15,08-08,10-15,Tampines St 22
294,293,SBST,1,FEEDER,75009.0,75009.0,04-06,04-08,04-08,06-14,Tampines St 71
295,298,SBST,1,FEEDER,75019.0,75019.0,10-10,10-12,10-12,10-16,Tampines Street 86
296,29A,SBST,1,TRUNK,75009.0,76241.0,-,-,26-38,36-36,No Loop
297,2N,SBST,1,NIGHT SERVICE,2099.0,75109.0,-,-,-,40-40,No Loop
298,30,SBST,1,TRUNK,84009.0,22009.0,08-09,06-18,14-15,11-16,No Loop
299,30,SBST,2,TRUNK,22009.0,84009.0,09-10,08-15,08-15,11-18,No Loop
300,30e,SBST,1,EXPRESS,84009.0,16061.0,12-12,-,-,-,No Loop
301,30e,SBST,2,EXPRESS,16069.0,84009.0,-,-,12-12,-,No Loop
302,31,SBST,1,TRUNK,75009.0,52009.0,06-11,06-17,09-11,14-15,No Loop
303,31,SBST,2,TRUNK,52009.0,75009.0,09-09,08-16,09-10,13-17,No Loop
304,315,SBST,1,FEEDER,66009.0,66009.0,8-9,8-14,9-10,10-14,S'goon Nth Ave 5
305,317,SBST,1,FEEDER,66009.0,66009.0,7-9,8-16,8-10,9-17,Berwick Dr
306,31A,SBST,1,TRUNK,75009.0,85099.0,08-11,10-29,-,-,No Loop
307,32,SBST,1,TRUNK,84009.0,11389.0,10-17,10-18,14-18,15-17,No Loop
308,32,SBST,2,TRUNK,11379.0,84009.0,12-14,09-20,12-13,15-19,No Loop
309,324,SBST,1,FEEDER,64009.0,64009.0,09-10,09-15,09-10,09-15,Upp Serangoon View
310,325,SBST,1,FEEDER,64009.0,64009.0,9-10,9-13,9-10,10-13,Hougang St 91
311,329,SBST,1,FEEDER,64009.0,64009.0,10-10,12-12,10-12,10-15,Buangkok Cres
312,33,SBST,1,TRUNK,84009.0,16009.0,09-16,09-16,12-14,12-15,No Loop
313,33,SBST,2,TRUNK,16009.0,84009.0,08-14,08-16,09-11,11-16,No Loop
314,33A,SBST,1,TRUNK,16009.0,10149.0,-,-,-,-,No Loop
315,33B,SBST,1,TRUNK,84009.0,81179.0,17-17,09-41,-,-,No Loop
316,35,SBST,1,TRUNK,84009.0,84009.0,09-10,09-15,09-15,15-15,Alps Ave
317,35M,SBST,1,TRUNK,84009.0,84009.0,-,-,-,15-20,Tanah Merah Ferry Rd
318,37,SBST,1,TRUNK,75009.0,75009.0,09-09,09-17,10-12,12-12,Changi Nth Cres
319,371,SBST,1,FEEDER,67009.0,67009.0,10-10,8-13,10-13,8-14,Rivervale Cres
320,372,SBST,1,FEEDER,67009.0,67009.0,7-9,8-12,9-10,8-11,Punggol Rd
321,374,SBST,1,FEEDER,67759.0,67759.0,11-11,12-12,10-12,11-15,Fernvale Rd
322,38,SBST,1,TRUNK,75009.0,84009.0,09-10,09-14,09-14,12-15,No Loop
323,38,SBST,2,TRUNK,84009.0,75009.0,09-10,08-14,09-10,11-16,No Loop
324,39,SBST,1,TRUNK,75019.0,59009.0,07-13,08-15,08-10,14-18,No Loop
325,39,SBST,2,TRUNK,59009.0,75019.0,08-12,07-14,09-10,13-16,No Loop
326,3N,SBST,1,NIGHT SERVICE,2099.0,45301.0,-,-,-,40-40,No Loop
327,4,SBST,1,TRUNK,75009.0,75009.0,10-12,11-13,10-13,11-12,Changi Nth Way
328,40,SBST,1,TRUNK,84009.0,84009.0,12-14,13-18,15-18,18-20,Merpati Rd
329,400,SBST,1,TRUNK,3239.0,3239.0,15-15,18-20,14-15,19-20,Marina Gdns Dr
330,401,SBST,1,TRUNK,84009.0,84009.0,-,21-25,25-26,25-27,Fort Rd
331,402,SBST,1,TRUNK,3239.0,3239.0,08-13,11-18,13-18,15-17,Marina Coastal Dr
332,405,SBST,1,TRUNK,22009.0,22009.0,22-22,25-26,-,-,Old Choa Chu Kang Rd
333,410,SBST,1,FEEDER,53009.0,53009.0,05-06,05-10,04-05,04-12,Shunfu Rd
334,410,SBST,2,FEEDER,53009.0,53009.0,05-06,05-12,06-06,06-14,Shunfu Rd
335,410G,SBST,1,FEEDER,53009.0,53009.0,05-07,06-12,06-07,06-14,Shunfu Rd
336,410W,SBST,1,FEEDER,53009.0,53009.0,05-06,05-10,04-05,04-12,Shunfu Rd
337,42,SBST,1,TRUNK,83321.0,83321.0,09-11,09-19,10-15,08-18,Fidelio St
338,45,SBST,1,TRUNK,94009.0,55009.0,08-16,08-18,08-13,08-18,No Loop
339,45,SBST,2,TRUNK,55009.0,94009.0,11-14,08-19,08-10,16-18,No Loop
340,45A,SBST,1,TRUNK,63291.0,62139.0,26-27,-,-,-,No Loop
341,46,SBST,1,TRUNK,94009.0,75009.0,12-12,13-15,12-12,12-16,No Loop
342,46,SBST,2,TRUNK,75009.0,94009.0,12-12,14-15,12-15,12-16,No Loop
343,47,SBST,1,TRUNK,97009.0,97009.0,09-10,09-13,10-10,12-14,Amber Rd
344,48,SBST,1,TRUNK,84431.0,11379.0,06-09,07-17,11-13,13-19,No Loop
345,48,SBST,2,TRUNK,11379.0,84299.0,10-13,09-16,08-17,14-18,No Loop
346,4N,SBST,1,NIGHT SERVICE,2099.0,78059.0,-,-,-,40-40,No Loop
347,5,SBST,1,TRUNK,77009.0,10009.0,06-14,07-17,12-14,12-18,No Loop
348,5,SBST,2,TRUNK,10009.0,77009.0,09-13,09-16,08-16,11-17,No Loop
349,50,SBST,1,TRUNK,53009.0,65009.0,08-13,09-13,10-13,12-15,No Loop
350,50,SBST,2,TRUNK,65009.0,53009.0,08-14,10-14,11-15,12-13,No Loop
351,502,SBST,1,EXPRESS,22609.0,22609.0,15-15,13-22,11-22,18-22,Central Blvd
352,502A,SBST,1,EXPRESS,22609.0,3529.0,20-20,-,-,-,No Loop
353,506,SBST,1,EXPRESS,28009.0,94009.0,12-15,12-22,16-24,19-24,No Loop
354,506,SBST,2,EXPRESS,94009.0,28009.0,15-19,14-22,13-18,19-21,No Loop
355,51,SBST,1,TRUNK,64009.0,28009.0,10-11,08-19,11-13,12-15,No Loop
356,51,SBST,2,TRUNK,28009.0,64009.0,12-14,09-17,08-16,10-16,No Loop
357,513,SBST,1,EXPRESS,75129.0,3218.0,07-08,-,-,-,No Loop
358,513,SBST,2,EXPRESS,3222.0,75121.0,-,-,15-15,-,No Loop
359,51A,SBST,1,TRUNK,28009.0,20191.0,-,-,-,17-17,No Loop
360,52,SBST,1,TRUNK,53009.0,28009.0,09-13,09-16,11-13,13-15,No Loop
361,52,SBST,2,TRUNK,28009.0,53009.0,08-16,10-17,11-20,14-19,No Loop
362,53,SBST,1,TRUNK,53009.0,53009.0,07-11,05-11,06-12,09-12,PTB2 Basement
363,53A,SBST,1,TRUNK,77289.0,95129.0,-,-,-,-,PTB2 Basement
364,53M,SBST,1,TRUNK,63261.0,63269.0,6-17,4-25,7-22,5-23,S'goon Ctrl
365,54,SBST,1,TRUNK,53009.0,10499.0,10-15,11-15,13-15,12-15,No Loop
366,54,SBST,2,TRUNK,10499.0,53009.0,13-19,10-15,11-18,11-18,No Loop
367,55,SBST,1,TRUNK,53009.0,94009.0,08-10,09-13,11-14,13-19,No Loop
368,55,SBST,2,TRUNK,94009.0,53009.0,09-10,09-15,09-14,12-14,No Loop
369,55B,SBST,1,TRUNK,53009.0,54381.0,-,-,-,15-15,No Loop
370,56,SBST,1,TRUNK,53009.0,2099.0,10-11,10-18,13-14,13-17,No Loop
371,56,SBST,2,TRUNK,2099.0,53009.0,10-16,10-17,11-15,15-16,No Loop
372,57,SBST,1,TRUNK,53009.0,10009.0,08-12,10-18,13-16,13-17,No Loop
373,57,SBST,2,TRUNK,10009.0,53009.0,09-15,08-17,09-15,14-18,No Loop
374,58,SBST,1,TRUNK,53009.0,77009.0,07-10,07-17,11-13,17-18,No Loop
375,58,SBST,2,TRUNK,77009.0,53009.0,08-10,08-19,07-14,15-17,No Loop
376,58A,SBST,1,TRUNK,62131.0,75351.0,-,-,-,-,No Loop
377,58B,SBST,1,TRUNK,77009.0,70281.0,-,-,-,-,No Loop
378,59,SBST,1,TRUNK,53009.0,99009.0,09-10,08-17,13-17,15-17,No Loop
379,59,SBST,2,TRUNK,99009.0,53009.0,10-13,08-16,08-19,14-19,No Loop
380,5N,SBST,1,NIGHT SERVICE,2099.0,27159.0,-,-,-,40-40,No Loop
381,60,SBST,1,TRUNK,82009.0,82009.0,06-10,05-10,05-12,06-16,Bedok Nth Dr
382,60A,SBST,1,TRUNK,82009.0,84511.0,-,-,10-14,11-52,No Loop
383,63,SBST,1,TRUNK,82009.0,82009.0,07-09,09-16,08-14,09-14,Jln Rumah Tinggi
384,63M,SBST,1,TRUNK,82009.0,82009.0,08-14,11-18,14-16,10-14,Circuit Rd
385,64,SBST,1,TRUNK,80289.0,80289.0,10-12,12-16,14-17,13-16,Mei Ling St
386,65,SBST,1,TRUNK,75009.0,14009.0,09-10,08-16,10-11,10-15,No Loop
387,65,SBST,2,TRUNK,14009.0,75009.0,08-10,08-12,10-13,07-15,No Loop
388,655,SBST,1,CITY_LINK,20129.0,3391.0,15-15,-,-,-,No Loop
389,655,SBST,2,CITY_LINK,3539.0,20121.0,-,-,15-15,-,No Loop
390,660,SBST,1,EXPRESS,66481.0,3218.0,06-07,-,-,-,No Loop
391,660,SBST,2,EXPRESS,3241.0,66489.0,-,-,15-15,-,No Loop
392,69,SBST,1,TRUNK,75009.0,75009.0,06-08,05-12,06-09,09-13,Bedok Nth Dr
393,6N,SBST,1,NIGHT SERVICE,2099.0,65201.0,-,-,-,30-30,No Loop
394,7,SBST,1,TRUNK,84009.0,17009.0,09-11,06-12,09-14,09-12,No Loop
395,7,SBST,2,TRUNK,17009.0,84009.0,09-11,07-14,07-12,08-13,No Loop
396,70,SBST,1,TRUNK,55509.0,3239.0,06-07,07-12,06-07,-,No Loop
397,70,SBST,2,TRUNK,3239.0,55509.0,08-12,07-13,07-09,09-09,No Loop
398,70A,SBST,1,TRUNK,55509.0,2171.0,-,-,-,15-15,Temasek Ave
399,70B,SBST,1,TRUNK,55101.0,66359.0,13-32,58-58,-,-,No Loop
400,70M,SBST,1,TRUNK,55509.0,55509.0,14-15,14-15,14-14,14-15,Temasek Ave
401,71,SBST,1,TRUNK,55509.0,55509.0,12-12,15-15,12-15,12-15,Bishan St 11
402,72,SBST,1,TRUNK,55509.0,75009.0,03-10,02-12,04-06,08-14,No Loop
403,72,SBST,2,TRUNK,75009.0,55509.0,05-08,02-12,02-07,04-13,No Loop
404,72A,SBST,1,TRUNK,55509.0,64549.0,11-48,-,-,-,No Loop
405,72B,SBST,1,TRUNK,55509.0,54481.0,02-03,02-04,-,-,No Loop
406,73,SBST,1,TRUNK,54009.0,54009.0,10-14,10-12,10-13,11-13,Lor 6 Toa Payoh
407,73A,SBST,1,TRUNK,54009.0,52009.0,-,-,-,10-10,Lor 6 Toa Payoh
408,74,SBST,1,TRUNK,64009.0,11379.0,05-13,04-14,05-10,09-13,No Loop
409,74,SBST,2,TRUNK,11379.0,64009.0,07-13,04-14,07-09,10-12,No Loop
410,74e,SBST,1,EXPRESS,64009.0,11379.0,15-15,-,-,-,No Loop
411,74e,SBST,2,EXPRESS,11379.0,64009.0,-,-,15-15,-,No Loop
412,76,SBST,1,TRUNK,55509.0,82009.0,10-11,11-14,10-14,14-15,No Loop
413,76,SBST,2,TRUNK,82009.0,55509.0,09-11,10-14,10-11,10-15,No Loop
414,7A,SBST,1,TRUNK,84009.0,9022.0,20-22,17-35,19-28,25-35,No Loop
415,7B,SBST,1,TRUNK,17009.0,8057.0,16-23,14-30,20-23,28-32,No Loop
416,8,SBST,1,TRUNK,75009.0,52009.0,04-07,04-13,06-08,07-14,No Loop
417,8,SBST,2,TRUNK,52009.0,75009.0,05-07,05-14,06-07,06-16,No Loop
418,80,SBST,1,TRUNK,67009.0,14009.0,05-16,08-18,13-17,13-17,No Loop
419,80,SBST,2,TRUNK,14009.0,67009.0,08-14,12-20,10-17,13-17,No Loop
420,800,SBST,1,FEEDER,59009.0,59009.0,05-07,05-08,05-06,05-09,Sembawang Rd
421,803,SBST,1,FEEDER,59009.0,59009.0,05-07,06-08,04-08,04-08,Yishun Ave 6
422,804,SBST,1,FEEDER,59009.0,59009.0,05-05,05-06,04-06,05-10,Yishun Ave 11
423,805,SBST,1,FEEDER,59009.0,59009.0,06-06,07-09,06-08,06-10,Yishun Ave 1
424,806,SBST,1,FEEDER,59009.0,59009.0,03-05,04-05,03-05,04-11,Yishun Ave 6
425,807,SBST,1,FEEDER,59009.0,59009.0,04-05,03-07,03-05,04-13,Yishun St 71
426,807A,SBST,1,FEEDER,59009.0,59569.0,05-31,05-05,-,-,No Loop
427,80A,SBST,1,TRUNK,67009.0,81089.0,12-28,16-27,-,-,No Loop
428,81,SBST,1,TRUNK,75009.0,75009.0,10-12,07-12,07-14,13-18,S'goon Ctrl
429,811,SBST,1,FEEDER,59009.0,59009.0,04-06,04-07,04-06,04-07,Yishun Ave 5
430,811A,SBST,1,FEEDER,59009.0,59159.0,-,-,04-16,08-25,Sembawang Rd
431,812,SBST,1,FEEDER,59009.0,59009.0,05-06,04-07,06-07,06-12,Yishun Ave 4
432,850E,SBST,1,EXPRESS,59581.0,3218.0,05-08,-,-,-,No Loop
433,850E,SBST,2,EXPRESS,3222.0,59579.0,-,-,15-15,-,No Loop
434,851,SBST,1,TRUNK,59009.0,10009.0,08-09,08-10,10-12,10-12,No Loop
435,851,SBST,2,TRUNK,10009.0,59009.0,09-10,08-12,08-09,10-11,No Loop
436,851e,SBST,1,EXPRESS,59009.0,5019.0,20-30,20-30,20-30,20-30,No Loop
437,851e,SBST,2,EXPRESS,5012.0,59009.0,20-20,20-30,20-20,30-30,No Loop
438,852,SBST,1,TRUNK,59009.0,43009.0,11-13,12-14,12-13,12-14,No Loop
439,852,SBST,2,TRUNK,43009.0,59009.0,12-13,12-14,12-13,12-13,No Loop
440,86,SBST,1,TRUNK,67009.0,54009.0,08-12,08-13,08-11,10-15,No Loop
441,86,SBST,2,TRUNK,54009.0,67009.0,11-14,08-13,08-12,10-17,No Loop
442,860,SBST,1,TRUNK,59009.0,59009.0,10-10,12-12,09-12,09-12,Ang Mo Kio Ave 8
443,87,SBST,1,TRUNK,67009.0,84009.0,04-07,03-14,04-09,04-17,No Loop
444,87,SBST,2,TRUNK,84009.0,67009.0,04-09,03-14,04-15,15-17,No Loop
445,88,SBST,1,TRUNK,77009.0,52009.0,06-09,06-13,07-10,08-13,No Loop
446,88,SBST,2,TRUNK,52009.0,77009.0,08-10,05-14,06-09,09-14,No Loop
447,88A,SBST,1,TRUNK,65069.0,54269.0,15-15,-,-,-,No Loop
448,88B,SBST,1,TRUNK,54261.0,66471.0,11-29,-,-,-,No Loop
449,89,SBST,1,TRUNK,64009.0,64009.0,07-12,07-15,09-16,14-16,Airport Cargo Rd
450,89A,SBST,1,TRUNK,77289.0,95039.0,26-34,-,-,-,Airport Cargo Rd
451,89e,SBST,1,EXPRESS,64009.0,95049.0,11-12,-,-,-,No Loop
452,89e,SBST,2,EXPRESS,95051.0,64009.0,-,-,12-12,-,No Loop
453,9,SBST,1,TRUNK,84009.0,84009.0,05-09,06-12,07-15,12-23,Airport Cargo Rd
454,90,SBST,1,TRUNK,52009.0,52009.0,17-19,10-26,9-16,19-32,Airport Rd
455,90A,SBST,1,TRUNK,52009.0,71189.0,13-46,17-17,-,-,Airport Rd
456,91,SBST,1,TRUNK,11379.0,11389.0,8-15,08-19,10-11,10-12,Ayer Rajah Cres
457,92,SBST,1,TRUNK,11009.0,11009.0,10-14,5-23,6-12,9-10,Science Pk Dr
458,92A,SBST,1,TRUNK,11009.0,11351.0,-,-,05-42,20-20,Science Pk Dr
459,92B,SBST,1,TRUNK,11009.0,18281.0,04-31,06-57,-,15-15,No Loop
460,92M,SBST,1,TRUNK,11009.0,11009.0,11-13,12-13,12-13,-,Nth Buona Vista Rd
461,93,SBST,1,TRUNK,14009.0,82009.0,13-15,10-18,11-14,14-19,No Loop
462,93,SBST,2,TRUNK,82009.0,14009.0,11-13,13-19,14-15,13-16,No Loop
463,94,SBST,1,TRUNK,82009.0,82009.0,9-24,9-26,14-17,14-14,Airport Rd
464,94A,SBST,1,TRUNK,82009.0,73019.0,11-12,-,-,-,Airport Rd
465,95,SBST,1,TRUNK,16009.0,16009.0,09-10,07-12,07-18,11-15,Holland Rd
466,95B,SBST,1,TRUNK,16009.0,11361.0,-,-,27-37,-,No Loop
467,99,SBST,1,TRUNK,17009.0,24009.0,06-07,05-12,05-09,08-12,No Loop
468,99,SBST,2,TRUNK,24009.0,17009.0,06-08,05-11,07-08,07-12,No Loop
469,9A,SBST,1,TRUNK,84009.0,98011.0,-,-,-,34-34,No Loop
470,CT18,SBST,1,FLAT FARE $2.00,84211.0,10499.0,-,28-38,-,-,No Loop
471,CT18,SBST,2,FLAT FARE $2.00,10499.0,84219.0,-,27-32,-,-,No Loop
472,CT8,SBST,1,FLAT FARE $2.00,55159.0,10499.0,-,11-36,-,-,No Loop
473,CT8,SBST,2,FLAT FARE $2.00,10499.0,55151.0,-,20-35,-,-,No Loop
474,110,SMRT,1,TRUNK,67759.0,67759.0,09-10,08-12,11-13,10-13,PTB2 Basement
475,167,SMRT,1,TRUNK,58009.0,10009.0,10,09-15,15-16,13-15,No Loop
476,167,SMRT,2,TRUNK,10009.0,58009.0,12-14,08-15,08-16,12-16,No Loop
477,167e,SMRT,1,EXPRESS,58009.0,3218.0,20-30,30,30,30,No Loop
478,167e,SMRT,2,EXPRESS,3223.0,58009.0,30,30,20-30,20-30,No Loop
479,169,SMRT,1,TRUNK,46009.0,54009.0,02-08,05-09,06-07,10,No Loop
480,169,SMRT,2,TRUNK,54009.0,46009.0,06-08,05-09,05-07,06-10,No Loop
481,169A,SMRT,1,TRUNK,46009.0,59073.0,17,-,-,-,No Loop
482,169B,SMRT,1,TRUNK,46009.0,46711.0,33,-,-,-,No Loop
483,171,SMRT,1,TRUNK,59009.0,2089.0,10-13,10-14,10-15,11-15,No Loop
484,171,SMRT,2,TRUNK,2099.0,59009.0,10-11,10-13,10-11,11-13,No Loop
485,172,SMRT,1,TRUNK,44009.0,22009.0,06-07,05-14,07-09,10-12,No Loop
486,172,SMRT,2,TRUNK,22009.0,44009.0,06-07,05-14,07-09,09-14,No Loop
487,176,SMRT,1,TRUNK,45009.0,10009.0,06-09,06-11,10-11,09-15,No Loop
488,176,SMRT,2,TRUNK,10009.0,45009.0,08-09,07-12,07-08,08-13,No Loop
489,178,SMRT,1,TRUNK,46009.0,22009.0,06-14,07-15,14-16,14-17,No Loop
490,178,SMRT,2,TRUNK,22009.0,46009.0,14-15,12-15,14-15,15-17,No Loop
491,178A,SMRT,1,TRUNK,46009.0,45139.0,14-42,-,-,-,No Loop
492,180,SMRT,1,TRUNK,22009.0,22009.0,04-09,08-13,05-11,10-12,Bt Panjang Rd
493,180A,SMRT,1,TRUNK,22009.0,44259.0,-,-,24-52,10,No Loop
494,184,SMRT,1,TRUNK,481.0,481.0,06-08,06-09,06-09,07-11,C'wealth Ave West
495,187,SMRT,1,TRUNK,46009.0,22009.0,07-09,05-11,07-13,09-13,No Loop
496,187,SMRT,2,TRUNK,22009.0,46009.0,06-08,06-10,06-09,07-13,No Loop
497,188,SMRT,1,TRUNK,44009.0,14009.0,05-10,07-16,07-13,13-14,No Loop
498,188,SMRT,2,TRUNK,14009.0,44009.0,09-14,07-16,07-08,08-14,No Loop
499,188e,SMRT,1,EXPRESS,44009.0,14009.0,15,-,-,-,No Loop
500,188R,SMRT,1,EXPRESS,44009.0,14519.0,35,30-35,30-33,27-31,No Loop
501,188R,SMRT,2,EXPRESS,14519.0,44009.0,-,30-33,28-33,30-33,No Loop
502,190,SMRT,1,TRUNK,44009.0,10499.0,02-05,04-07,06-07,07-11,No Loop
503,190,SMRT,2,TRUNK,10499.0,44009.0,08-11,04-07,04-06,05-08,No Loop
504,190A,SMRT,1,TRUNK,44009.0,8057.0,04-24,-,-,-,No Loop
505,300,SMRT,1,FEEDER,44009.0,44009.0,04-05,03-06,04,04-10,Choa Chu Kang Ave 3
506,301,SMRT,1,FEEDER,44009.0,44009.0,06-08,06-09,06-08,07-10,Keat Hong Cl
507,302,SMRT,1,FEEDER,44009.0,44009.0,03-05,04-06,04-06,06-10,Choa Chu Kang Cres
508,302A,SMRT,1,FEEDER,45321.0,45329.0,06-13,-,06-24,-,No Loop
509,307,SMRT,1,FEEDER,44009.0,44009.0,05-07,04-09,06-07,07-12,Choa Chu Kang St 62
510,307,SMRT,2,FEEDER,0.0,0.0,05-07,04-09,06-07,07-12,Choa Chu Kang St 62
511,307A,SMRT,1,FEEDER,44009.0,44531.0,10-15,10-32,10-12,10-34,Choa Chu Kang St 62
512,61,SMRT,1,TRUNK,43009.0,82009.0,07-09,09-14,10-13,10-15,No Loop
513,61,SMRT,2,TRUNK,82009.0,43009.0,08-13,09-15,08-15,11-15,No Loop
514,653,SMRT,1,CITY_LINK,43811.0,3391.0,10,-,-,-,No Loop
515,653,SMRT,2,CITY_LINK,3539.0,43268.0,-,-,15,-,No Loop
516,656,SMRT,1,EXPRESS,58121.0,3218.0,10,-,-,-,No Loop
517,656,SMRT,2,EXPRESS,3241.0,58129.0,-,-,15,-,No Loop
518,657,SMRT,1,CITY_LINK,28539.0,3391.0,15,-,-,-,No Loop
519,657,SMRT,2,CITY_LINK,3539.0,28531.0,-,-,15,-,No Loop
520,67,SMRT,1,TRUNK,44009.0,75009.0,06-09,07-12,08-11,09-13,No Loop
521,67,SMRT,2,TRUNK,75009.0,44009.0,07-09,06-11,08-12,09-12,No Loop
522,67A,SMRT,1,TRUNK,44009.0,41049.0,-,77,-,-,No Loop
523,67W,SMRT,1,TRUNK,75009.0,40011.0,-,77,-,-,No Loop
524,700,SMRT,1,TRUNK,481.0,3218.0,04-10,10-13,10-12,-,No Loop
525,700,SMRT,2,TRUNK,3239.0,481.0,13,09-13,10-11,11,No Loop
526,700A,SMRT,1,TRUNK,481.0,481.0,11-12,11-12,12,10-13,Temasek Ave
527,75,SMRT,1,TRUNK,481.0,2089.0,04-09,08-14,11-14,13-16,No Loop
528,75,SMRT,2,TRUNK,2099.0,481.0,09-12,07-13,08-15,13-15,No Loop
529,75A,SMRT,1,TRUNK,481.0,12099.0,-,-,-,-,No Loop
530,825,SMRT,1,TRUNK,55509.0,55509.0,08-11,10-20,09-13,09-10,Lentor Loop
531,853,SMRT,1,TRUNK,59009.0,80009.0,10-14,09-15,10-15,14-18,No Loop
532,853,SMRT,2,TRUNK,80009.0,59009.0,10-14,10-16,10-13,16-18,No Loop
533,853C,SMRT,1,TRUNK,59009.0,94009.0,11-13,09-14,12-14,14-15,No Loop
534,853C,SMRT,2,TRUNK,94009.0,59009.0,12-18,10-15,12-14,13-15,No Loop
535,854,SMRT,1,TRUNK,59009.0,84009.0,05-07,05-11,07,07-12,No Loop
536,854,SMRT,2,TRUNK,84009.0,59009.0,04-08,05-11,06-07,07-13,No Loop
537,854e,SMRT,1,EXPRESS,59009.0,84009.0,15-24,-,-,-,No Loop
538,855,SMRT,1,TRUNK,59009.0,14009.0,10-11,10-15,13-15,12-15,No Loop
539,855,SMRT,2,TRUNK,14009.0,59009.0,12-13,09-14,12-13,12-14,No Loop
540,856,SMRT,1,TRUNK,59009.0,46009.0,05-06,05-10,05-07,05-11,No Loop
541,856,SMRT,2,TRUNK,46009.0,59009.0,04-06,05-11,03-07,02-11,No Loop
542,856A,SMRT,1,TRUNK,46009.0,46069.0,-,-,30-40,-,No Loop
543,857,SMRT,1,TRUNK,59009.0,59009.0,03-07,05-09,06-10,08-10,Temasek Ave
544,857A,SMRT,1,TRUNK,59009.0,55081.0,12,-,-,-,No Loop
545,858,SMRT,1,TRUNK,46009.0,46009.0,05-09,05-09,05-09,06-10,PTB2 Basement
546,858A,SMRT,1,TRUNK,46009.0,59073.0,-,-,-,11,No Loop
547,859,SMRT,1,TRUNK,58009.0,58009.0,08-10,08-12,10-11,12-13,Yishun Temp Int
548,859A,SMRT,1,TRUNK,58009.0,58009.0,08-20,08-36,10-22,12-25,Admiralty Link
549,859B,SMRT,1,TRUNK,58009.0,58009.0,08-24,08-25,09-22,11-24,Sembawang Cres
550,860A,SMRT,1,TRUNK,59009.0,59569.0,04-10,-,-,-,No Loop
551,868E,SMRT,1,EXPRESS,43581.0,2161.0,15,-,-,-,No Loop
552,882,SMRT,1,TRUNK,58009.0,58009.0,13-17,13-17,14-18,12-17,Sembawang Rd
553,882A,SMRT,1,TRUNK,58009.0,58501.0,-,-,20-41,-,No Loop
554,883,SMRT,1,TRUNK,58009.0,58009.0,07-09,09-13,07-12,07-20,Yishun Ctrl 2
555,883B,SMRT,1,TRUNK,59079.0,58539.0,-,-,-,22-26,No Loop
556,900,SMRT,1,FEEDER,46009.0,46009.0,06-08,05-09,08,06-15,Woodlands Dr 14
557,900A,SMRT,1,FEEDER,46009.0,46009.0,06-08,06-09,08-10,-,Woodlands Dr 17
558,901,SMRT,1,FEEDER,46009.0,46009.0,02-08,06-12,08-09,08-15,Woodlands Ave 6
559,902,SMRT,1,FEEDER,46009.0,46269.0,03-09,02-07,-,-,No Loop
560,903,SMRT,1,FEEDER,46009.0,46009.0,05-09,06-09,06-08,07-14,Woodlands Ctr Rd
561,903M,SMRT,1,FEEDER,46009.0,46009.0,24,-,21-22,-,Marsiling Lane
562,904,SMRT,1,FEEDER,46009.0,46009.0,09-10,09-13,09-13,11-15,Woodlands Cres
563,911,SMRT,1,FEEDER,46009.0,46009.0,02-06,05-11,04-06,02-12,Woodlands Ave 2
564,912,SMRT,1,FEEDER,46009.0,46009.0,23-27,21-25,22-25,19-25,Woodlands Ave 7
565,912A,SMRT,1,FEEDER,46009.0,46008.0,05-06,07-09,06-09,06-10,Woodlands Ave 7
566,912B,SMRT,1,FEEDER,46008.0,46009.0,01-12,08-11,04-11,08-11,Woodlands Ctr Rd
567,912M,SMRT,1,FEEDER,46008.0,46009.0,20,-,20,-,Woodlands St 41
568,913,SMRT,1,FEEDER,46009.0,46009.0,03-07,02-07,02-07,03-10,Woodlands Circle
569,913,SMRT,2,FEEDER,0.0,0.0,03-07,02-07,02-07,03-10,Woodlands Circle
570,913M,SMRT,1,FEEDER,46009.0,46009.0,15-20,15-20,15-20,20,Woodlands St 13
571,920,SMRT,1,FEEDER,45009.0,45009.0,06,05-09,05-07,06-11,Bangkit Rd
572,922,SMRT,1,FEEDER,45009.0,45009.0,06-08,06-10,06-07,07-11,Bangkit Rd
573,925,SMRT,1,TRUNK,46009.0,44009.0,07-10,07-14,11-13,11,No Loop
574,925,SMRT,2,TRUNK,44009.0,46009.0,09-11,09-14,09,09-10,No Loop
575,925C,SMRT,1,TRUNK,46009.0,46009.0,10-11,10-12,10-13,13,Neo Tiew Cres
576,926,SMRT,1,TRUNK,46009.0,46009.0,-,-,-,10-15,Mandai Lake Rd
577,927,SMRT,1,TRUNK,44009.0,44009.0,13,12-17,13-14,13-18,Mandai Lake Rd
578,944,SMRT,1,FEEDER,43009.0,43009.0,12,13-16,12,15-16,Bt Batok Rd
579,950,SMRT,1,TRUNK,46009.0,46009.0,11-12,09-13,11-13,11-12,Jln Jim Quee
580,951E,SMRT,1,EXPRESS,46449.0,3218.0,06-08,-,-,-,No Loop
581,951E,SMRT,2,EXPRESS,3222.0,46441.0,-,-,15,-,No Loop
582,960,SMRT,1,TRUNK,46009.0,2099.0,08-09,08-12,10-12,10-11,No Loop
583,960,SMRT,2,TRUNK,2099.0,46009.0,10-11,08-11,08-09,09-11,No Loop
584,960e,SMRT,1,EXPRESS,46009.0,2099.0,20-30,30,30,30,No Loop
585,960e,SMRT,2,EXPRESS,2099.0,46009.0,30,30,20-30,20-30,No Loop
586,961,SMRT,1,TRUNK,46009.0,80009.0,07-11,07-15,11-15,12-15,No Loop
587,961,SMRT,2,TRUNK,80009.0,46009.0,11-13,08-13,08-12,11-16,No Loop
588,961C,SMRT,1,TRUNK,46009.0,80009.0,12-14,10-12,11-14,14-15,No Loop
589,961C,SMRT,2,TRUNK,80009.0,46009.0,14,08-13,13-14,14-16,No Loop
590,962,SMRT,1,TRUNK,46009.0,46009.0,07-08,05-10,07-08,09-10,Admiralty St
591,962B,SMRT,1,TRUNK,58259.0,58251.0,29-31,-,26-34,-,No Loop
592,962C,SMRT,1,TRUNK,47571.0,47591.0,08-09,-,-,-,No Loop
593,963,SMRT,1,TRUNK,46009.0,14009.0,06-13,05-14,07-13,12-15,No Loop
594,963,SMRT,2,TRUNK,14009.0,46009.0,08-15,06-13,06-08,08-13,No Loop
595,963e,SMRT,1,EXPRESS,46009.0,14009.0,20,-,-,-,No Loop
596,963e,SMRT,2,EXPRESS,14009.0,46009.0,-,-,30,-,No Loop
597,963R,SMRT,1,EXPRESS,46009.0,14519.0,32-35,30-33,32-33,32-35,No Loop
598,963R,SMRT,2,EXPRESS,14519.0,46009.0,-,27-33,30-31,30-33,No Loop
599,964,SMRT,1,TRUNK,46009.0,46009.0,04-05,04-08,04-06,05-11,Nth Woodlands Link
600,965,SMRT,1,TRUNK,46009.0,46009.0,04-12,08-14,09-10,10-17,Sengkang Sq
601,965A,SMRT,1,TRUNK,46009.0,59073.0,08-10,-,-,-,No Loop
602,966,SMRT,1,TRUNK,46009.0,46009.0,06-10,07-14,07-16,15-17,Marine Parade Rd
603,969,SMRT,1,TRUNK,46009.0,75009.0,04-08,05-10,05-09,09-12,No Loop
604,969,SMRT,2,TRUNK,75009.0,46009.0,03-07,05-10,05-07,03-10,No Loop
605,969A,SMRT,1,TRUNK,75009.0,59079.0,-,-,08-13,0,No Loop
606,970,SMRT,1,TRUNK,45009.0,3218.0,11-16,10-16,10-16,16-17,No Loop
607,970,SMRT,2,TRUNK,3239.0,45009.0,13-14,10-15,10-11,11-16,No Loop
608,971E,SMRT,1,EXPRESS,481.0,3021.0,06-07,-,-,-,No Loop
609,971E,SMRT,2,EXPRESS,3223.0,481.0,-,-,10-15,-,No Loop
610,972,SMRT,1,TRUNK,45009.0,45009.0,04-05,04-10,05-08,08-10,Bencoolen St
611,972A,SMRT,1,TRUNK,45009.0,8057.0,-,-,-,15,No Loop
612,973,SMRT,1,TRUNK,45009.0,45009.0,10-13,12,10-12,10-15,Hume Ave
613,973A,SMRT,1,TRUNK,45009.0,44229.0,-,-,-,20,No Loop
614,975,SMRT,1,TRUNK,45009.0,45009.0,07,07-11,06-09,09-12,Lim Chu Kang Rd
615,975B,SMRT,1,TRUNK,44531.0,33041.0,12-44,-,08-28,09-80,No Loop
616,979,SMRT,1,TRUNK,45009.0,45009.0,04-06,05-08,05-06,06-09,Choa Chu Kang Cres
617,980,SMRT,1,TRUNK,58009.0,80009.0,12-15,14-17,14-18,15-18,No Loop
618,980,SMRT,2,TRUNK,80009.0,58009.0,15-16,14-17,16-17,14-16,No Loop
619,981,SMRT,1,TRUNK,58009.0,47199.0,12-15,13-15,-,-,No Loop
620,981,SMRT,2,TRUNK,47121.0,58009.0,-,-,18-20,17-20,No Loop
621,982E,SMRT,1,EXPRESS,44589.0,3391.0,15,-,-,-,No Loop
622,982E,SMRT,2,EXPRESS,3539.0,44581.0,-,-,15,-,No Loop
623,983,SMRT,1,TRUNK,44009.0,44009.0,05-06,06-08,05-07,06-09,Jelebu Rd
624,983A,SMRT,1,TRUNK,44009.0,44131.0,-,-,-,15-20,No Loop
625,985,SMRT,1,TRUNK,44009.0,80009.0,08-10,09-11,11,11-12,No Loop
626,985,SMRT,2,TRUNK,80009.0,44009.0,09-10,09-13,10,11-12,No Loop
627,991,SMRT,1,TRUNK,43009.0,44009.0,10-12,11-13,10-12,10-15,No Loop
628,991,SMRT,2,TRUNK,44009.0,43009.0,10-12,12-13,10-12,10-19,No Loop
629,991A,SMRT,1,TRUNK,43009.0,43341.0,-,-,-,15,No Loop
630,991B,SMRT,1,TRUNK,44009.0,44099.0,-,-,-,18-19,No Loop
631,BPS1,SMRT,1,TRUNK,44699.0,44009.0,20,-,-,-,No Loop
632,BPS1,SMRT,2,TRUNK,44539.0,44691.0,-,-,20,-,No Loop
633,NR1,SMRT,1,NIGHT RIDER,14519.0,59561.0,-,-,-,25-25,Yishun Ring Rd
634,NR2,SMRT,1,NIGHT RIDER,2099.0,58291.0,-,-,-,30-30,Sembawang Dr
635,NR3,SMRT,1,NIGHT RIDER,5029.0,44009.0,-,-,-,30,No Loop
636,NR5,SMRT,1,NIGHT RIDER,2099.0,22449.0,-,-,-,30,No Loop
637,NR6,SMRT,1,NIGHT RIDER,14519.0,67171.0,-,-,-,29-29,Anchorvale Dr
638,NR7,SMRT,1,NIGHT RIDER,2099.0,98029.0,-,-,-,29,No Loop
639,NR8,SMRT,1,NIGHT RIDER,2099.0,43609.0,-,-,-,29-29,Bt Batok West Ave 5
640,106,TTS,1,TRUNK,43009.0,3218.0,06-09,06-12,10-10,10-13,No Loop
641,106,TTS,2,TRUNK,3239.0,43009.0,08-10,07-12,07-12,11-12,No Loop
642,106A,TTS,1,TRUNK,43009.0,17179.0,13-45,-,-,-,No Loop
643,143,TTS,1,TRUNK,52009.0,28009.0,08-09,08-13,10-14,13-14,No Loop
644,143,TTS,2,TRUNK,28009.0,52009.0,08-10,08-13,12-13,12-13,No Loop
645,143M,TTS,1,TRUNK,28009.0,28009.0,13-15,14-16,14-16,14-16,Pandan Gdns
646,173,TTS,1,TRUNK,43009.0,43009.0,08-12,09-14,09-10,15-15,Clementi Ave 3
647,173A,TTS,1,TRUNK,43009.0,43169.0,-,-,-,15-15,Bt Batok East Ave 4
648,177,TTS,1,TRUNK,43009.0,43009.0,13-15,12-15,12-12,-,Jelebu Rd
649,183,TTS,1,TRUNK,28009.0,28009.0,05-08,05-15,06-09,16-19,Science Pk Rd
650,183B,TTS,1,TRUNK,28009.0,28189.0,03-08,03-13,-,-,No Loop
651,189,TTS,1,TRUNK,43009.0,43009.0,06-08,05-11,07-11,10-12,Clementi Ave 1
652,189A,TTS,1,TRUNK,43009.0,43319.0,06-15,07-13,-,15-20,Bt Batok St 23
653,282,TTS,1,FEEDER,17009.0,17009.0,08-10,10-12,07-10,08-12,Clementi West St 2
654,284,TTS,1,FEEDER,17009.0,17009.0,05-06,06-08,04-06,04-07,Clementi Ave 4
655,285,TTS,1,FEEDER,17009.0,17009.0,05-06,05-12,05-06,06-14,Pandan Loop
656,333,TTS,1,FEEDER,28009.0,28009.0,07-09,08-12,08-08,08-12,Jurong East St 32
657,334,TTS,1,FEEDER,28009.0,28009.0,05-06,06-10,05-06,05-12,Jurong West St 42
658,335,TTS,1,FEEDER,28009.0,28009.0,07-08,07-13,07-08,07-14,Jurong West St 41
659,41,TTS,1,TRUNK,28009.0,28009.0,10-12,13-15,11-15,12-15,Jln Anak Bt
660,49,TTS,1,TRUNK,28009.0,28009.0,09-10,10-14,09-14,10-12,Jurong West St 42
661,66,TTS,1,TRUNK,84009.0,28009.0,09-11,10-17,12-16,15-16,No Loop
662,66,TTS,2,TRUNK,28009.0,84009.0,09-12,10-16,12-16,10-16,No Loop
663,663,TTS,1,EXPRESS,59591.0,3218.0,15 -15,-,-,-,No Loop
664,663,TTS,2,EXPRESS,3241.0,59599.0,-,-,15 -15,-,No Loop
665,665,TTS,1,EXPRESS,46141.0,3218.0,08 -08,-,-,-,No Loop
666,665,TTS,2,EXPRESS,3241.0,46149.0,-,-,15 -15,-,No Loop
667,66A,TTS,1,TRUNK,84009.0,40011.0,-,-,-,-,No Loop
668,66B,TTS,1,TRUNK,60139.0,28009.0,-,-,-,-,No Loop
669,66B,TTS,2,TRUNK,28009.0,7031.0,-,-,-,-,No Loop
670,77,TTS,1,TRUNK,43009.0,2099.0,10-11,11-12,11-14,10-15,No Loop
671,77,TTS,2,TRUNK,2099.0,43009.0,11-14,10-12,12-13,13-15,No Loop
672,78,TTS,1,TRUNK,28009.0,28009.0,06-08,06-15,07-08,11-15,Clementi Ave 3
673,78A,TTS,1,TRUNK,28009.0,29121.0,03-08,-,-,-,Tg Penjuru
674,79,TTS,1,TRUNK,28009.0,28009.0,06-10,08-18,08-12,15-17,Jurong West Ctrl 3
675,79A,TTS,1,TRUNK,28009.0,22009.0,-,-,-,15-15,No Loop
676,941,TTS,1,FEEDER,43009.0,43009.0,06-07,07-10,06-07,06-12,Bukit Batok West Avenue 9
677,945,TTS,1,FEEDER,43009.0,43009.0,06-09,07-10,06-07,06-15,Bt Batok St 34
678,947,TTS,1,FEEDER,43009.0,43009.0,05-09,08-09,06-08,06-09,Bt Batok Rd
679,96,TTS,1,TRUNK,17009.0,17009.0,06-07,05-13,05-07,05-10,Kent Ridge Cres
680,96A,TTS,1,TRUNK,17009.0,16169.0,08-10,03-09,-,-,No Loop
681,96B,TTS,1,TRUNK,17009.0,17171.0,-,06-19,05-19,-,No Loop
682,97,TTS,1,TRUNK,28009.0,2099.0,09-10,06-13,06-13,13-14,No Loop
683,97,TTS,2,TRUNK,2099.0,28009.0,10-11,07-14,09-10,13-13,No Loop
684,974,TTS,1,TRUNK,44029.0,24009.0,15-15,15-15,15-15,15-15,No Loop
685,974,TTS,2,TRUNK,24009.0,44031.0,15-15,15-15,15-15,15-15,No Loop
686,974A,TTS,1,TRUNK,44029.0,44539.0,-,-,-,08-15,No Loop
687,97e,TTS,1,EXPRESS,28009.0,2099.0,12-12,-,-,-,No Loop
688,97e,TTS,2,EXPRESS,2099.0,28009.0,-,-,12-12,-,No Loop
689,98,TTS,1,TRUNK,28009.0,28009.0,05-08,06-16,08-10,10-20,Jurong Pier Way
690,98A,TTS,1,TRUNK,28091.0,21179.0,-,-,06-10,10-20,No Loop
691,98B,TTS,1,TRUNK,28501.0,21099.0,05-09,-,-,-,No Loop
692,98M,TTS,1,TRUNK,28009.0,28009.0,-,14-18,-,14-18,Corporation Rd
693,990,TTS,1,TRUNK,43009.0,43009.0,12-12,12-12,12-12,12-13,Jurong Gateway Rd
694,225,SBST,1,FEEDER,84009.0,84009.0,03-05,03-13,03-06,04-12,Bedok North St 3
695,225,SBST,2,FEEDER,84009.0,84009.0,04-06,05-09,04-07,04-10,Bedok North St 3
696,243,SBST,1,FEEDER,22009.0,22009.0,05-06,03-06,04-04,04-08,Jurong West Ave 5
697,243,SBST,2,FEEDER,22009.0,22009.0,05-08,03-07,03-05,03-10,Jurong West Ave 5
698,410,SBST,1,FEEDER,53009.0,53009.0,05-06,05-10,04-05,04-12,Shunfu Road
699,410,SBST,2,FEEDER,53009.0,53009.0,05-06,05-12,06-06,06-14,Shunfu Road
700,533,SBST,1,FLAT FARE $4.20,28009.0,3011.0,10-10,-,-,-,No Loop
701,534,SBST,1,FLAT FARE $4.20,63219.0,3011.0,-,-,-,-,No Loop
702,535,SBST,1,FLAT FARE $4.20,52371.0,3011.0,-,-,-,-,No Loop
703,536,SBST,1,FLAT FARE $4.50,22009.0,3011.0,-,-,-,-,No Loop
704,538,SBST,1,FLAT FARE $4.50,77009.0,3011.0,10-10,-,-,-,No Loop
705,539,SBST,1,FLAT FARE $4.50,77009.0,3011.0,10-10,-,-,-,No Loop
706,552,SBST,1,FLAT FARE $4.50,75009.0,3011.0,-,-,-,-,No Loop
707,553,SBST,1,FLAT FARE $4.50,75009.0,3011.0,-,-,-,-,No Loop
708,560,SBST,1,FLAT FARE $4.20,12169.0,3011.0,05-05,-,-,-,No Loop
709,561,SBST,1,FLAT FARE $4.00,70059.0,3011.0,-,-,-,-,No Loop
710,563,SBST,1,FLAT FARE $4.20,42011.0,3011.0,-,-,-,-,No Loop
711,564,SBST,1,FLAT FARE $4.00,41119.0,3011.0,05-05,-,-,-,No Loop
712,565,SBST,1,FLAT FARE $4.00,52471.0,3011.0,-,-,-,-,No Loop
713,569,SBST,1,FLAT FARE $4.50,65009.0,3011.0,-,-,-,-,No Loop
714,585,SBST,1,FLAT FARE $4.20,82009.0,3011.0,10-10,-,-,-,No Loop
715,761,SBST,1,FLAT FARE $4.20,56251.0,3011.0,10-10,-,-,-,No Loop
716,529,SMRT,1,FLAT FARE $2.70,55509.0,55509.0,-,-,25,25,No Loop
717,530,SMRT,1,FLAT FARE $3.50,13051.0,3218.0,15,-,-,-,No Loop
718,531,SMRT,1,FLAT FARE $5.00,96129.0,3218.0,04-08,-,-,-,No Loop
719,531,SMRT,2,FLAT FARE $5.00,3222.0,96121.0,-,-,15,-,No Loop
720,546,SMRT,1,FLAT FARE $3.50,60221.0,3218.0,-,-,-,-,No Loop
721,587,SMRT,1,FLAT FARE $5.00,46861.0,3218.0,-,-,-,-,No Loop
722,588,SMRT,1,FLAT FARE $4.00,53369.0,3218.0,-,-,-,-,No Loop
723,589,SMRT,1,FLAT FARE $4.00,17429.0,3011.0,-,-,-,-,No Loop
724,590,SMRT,1,FLAT FARE $5.00,45421.0,3218.0,10,-,-,-,No Loop
725,598,SMRT,1,FLAT FARE $5.00,44859.0,3218.0,10,-,-,-,No Loop
726,599,SMRT,1,FLAT FARE $5.00,64449.0,3218.0,-,-,-,-,No Loop
727,3A,GAS,1,TRUNK,75009.0,77331.0,00-00,12-75,08-37,12-99,No Loop
728,36B,GAS,1,TRUNK,93049.0,93199.0,8-8,9-99,09-09,-,Tomlinson Rd
